ticker,side,contracts,entry_price,entry_ts,exit_price,exit_ts,exit_reason,fees,pnl
KXBTC15M-26JUL271245-45,yes,10,96,1785170216,100,1785170718,settlement,0.03,0.37
KXBTC15M-26JUL271330-30,yes,10,96,1785172905,100,1785173418,settlement,0.03,0.37
KXBTC15M-26JUL271430-30,no,10,95,1785176552,100,1785177015,settlement,0.04,0.46
KXBTC15M-26JUL271815-15,no,10,95,1785190112,100,1785190514,settlement,0.04,0.46
KXBTC15M-26JUL271900-00,no,10,95,1785192783,100,1785193214,settlement,0.04,0.46
KXBTC15M-26JUL272030-30,yes,10,96,1785198044,100,1785198616,settlement,0.03,0.37
KXBTC15M-26JUL272100-00,no,10,96,1785200089,100,1785200410,settlement,0.03,0.37
KXBTC15M-26JUL280045-45,no,10,97,1785213637,100,1785213908,settlement,0.03,0.27
KXBTC15M-26JUL280100-00,yes,10,96,1785214432,100,1785214804,settlement,0.03,0.37
KXBTC15M-26JUL280115-15,yes,10,96,1785215207,100,1785215709,settlement,0.03,0.37
KXBTC15M-26JUL280130-30,yes,10,97,1785216112,100,1785216615,settlement,0.03,0.27
KXBTC15M-26JUL280215-15,no,10,96,1785218902,100,1785219304,settlement,0.03,0.37
KXBTC15M-26JUL280230-30,yes,10,97,1785219768,100,1785220210,settlement,0.03,0.27
KXBTC15M-26JUL280315-15,no,10,95,1785222580,100,1785222911,settlement,0.04,0.46
KXBTC15M-26JUL280645-45,yes,10,95,1785235084,100,1785235516,settlement,0.04,0.46
KXBTC15M-26JUL280730-30,yes,10,96,1785237784,100,1785238216,settlement,0.03,0.37
KXBTC15M-26JUL280930-30,no,10,97,1785245048,100,1785245410,settlement,0.03,0.27
KXBTC15M-26JUL281130-30,yes,10,96,1785252142,100,1785252614,settlement,0.03,0.37
KXBTC15M-26JUL281315-15,no,10,97,1785258510,100,1785258922,settlement,0.03,0.27
KXBTC15M-26JUL281345-45,no,10,97,1785260273,100,1785260715,settlement,0.03,0.27
KXBTC15M-26JUL281745-45,yes,10,95,1785274742,100,1785275114,settlement,0.04,0.46
KXBTC15M-26JUL281900-00,no,10,96,1785279126,100,1785279609,settlement,0.03,0.37
KXBTC15M-26JUL281915-15,no,10,95,1785280002,100,1785280514,settlement,0.04,0.46
KXBTC15M-26JUL281945-45,yes,10,97,1785281704,100,1785282317,settlement,0.03,0.27
KXBTC15M-26JUL282015-15,yes,10,95,1785283708,100,1785284110,settlement,0.04,0.46
KXBTC15M-26JUL290015-15,no,10,96,1785298056,0,1785298518,settlement,0.03,-9.63
KXBTC15M-26JUL290415-15,no,10,96,1785312460,100,1785312912,settlement,0.03,0.37
KXBTC15M-26JUL290700-00,no,10,96,1785322212,100,1785322815,settlement,0.03,0.37
KXBTC15M-26JUL290745-45,no,10,96,1785325053,100,1785325515,settlement,0.03,0.37
KXBTC15M-26JUL290800-00,yes,10,97,1785325948,100,1785326411,settlement,0.03,0.27
KXBTC15M-26JUL290815-15,no,10,97,1785326955,100,1785327307,settlement,0.03,0.27
KXBTC15M-26JUL290830-30,no,10,95,1785327710,100,1785328202,settlement,0.04,0.46
KXBTC15M-26JUL291130-30,no,10,96,1785338773,100,1785339014,settlement,0.03,0.37
KXBTC15M-26JUL291245-45,no,10,95,1785343015,100,1785343508,settlement,0.04,0.46
KXBTC15M-26JUL291415-15,yes,10,97,1785348507,100,1785348909,settlement,0.03,0.27
KXBTC15M-26JUL291600-00,no,10,95,1785354735,100,1785355217,settlement,0.04,0.46
KXBTC15M-26JUL291715-15,no,10,96,1785359350,100,1785359712,settlement,0.03,0.37
KXBTC15M-26JUL291815-15,yes,10,96,1785362808,100,1785363310,settlement,0.03,0.37
KXBTC15M-26JUL291845-45,no,10,96,1785364843,100,1785365114,settlement,0.03,0.37
KXBTC15M-26JUL291900-00,no,10,95,1785365593,100,1785366015,settlement,0.04,0.46
KXBTC15M-26JUL291930-30,yes,10,95,1785367285,100,1785367808,settlement,0.04,0.46
KXBTC15M-26JUL292045-45,no,10,96,1785371720,100,1785372312,settlement,0.03,0.37
KXBTC15M-26JUL292115-15,yes,10,96,1785373805,100,1785374117,settlement,0.03,0.37
KXBTC15M-26JUL292145-45,yes,10,96,1785375307,100,1785375920,settlement,0.03,0.37
KXBTC15M-26JUL292200-00,yes,10,95,1785376303,100,1785376815,settlement,0.04,0.46
KXBTC15M-26JUL292245-45,no,10,97,1785378982,100,1785379515,settlement,0.03,0.27
KXBTC15M-26JUL292345-45,no,10,96,1785382644,100,1785383117,settlement,0.03,0.37
KXBTC15M-26JUL300700-00,no,10,97,1785408915,100,1785409216,settlement,0.03,0.27
KXBTC15M-26JUL300815-15,yes,10,97,1785413317,100,1785413709,settlement,0.03,0.27
KXBTC15M-26JUL300900-00,yes,10,97,1785416158,100,1785416409,settlement,0.03,0.27
KXBTC15M-26JUL300945-45,no,10,95,1785418858,0,1785419119,settlement,0.04,-9.54
KXBTC15M-26JUL301015-15,no,10,96,1785420389,100,1785420911,settlement,0.03,0.37
KXBTC15M-26JUL301115-15,yes,10,97,1785424212,100,1785424513,settlement,0.03,0.27
KXBTC15M-26JUL301215-15,yes,10,95,1785427678,100,1785428120,settlement,0.04,0.46
KXBTC15M-26JUL301230-30,no,10,96,1785428856,100,1785429017,settlement,0.03,0.37
KXBTC15M-26JUL301300-00,yes,10,97,1785430519,100,1785430811,settlement,0.03,0.27
KXBTC15M-26JUL301315-15,no,10,97,1785431617,100,1785431718,settlement,0.03,0.27
KXBTC15M-26JUL301745-45,yes,10,96,1785447661,100,1785447913,settlement,0.03,0.37
KXBTC15M-26JUL301845-45,no,10,97,1785451139,100,1785451510,settlement,0.03,0.27
KXBTC15M-26JUL301900-00,no,10,95,1785452115,100,1785452407,settlement,0.04,0.46
KXBTC15M-26JUL301915-15,yes,10,96,1785452851,100,1785453313,settlement,0.03,0.37
KXBTC15M-26JUL301945-45,yes,10,97,1785454502,0,1785455115,settlement,0.03,-9.73
KXBTC15M-26JUL302030-30,no,10,96,1785457594,100,1785457815,settlement,0.03,0.37
KXBTC15M-26JUL302045-45,yes,10,96,1785458390,100,1785458722,settlement,0.03,0.37
KXBTC15M-26JUL302100-00,no,10,96,1785459165,100,1785459608,settlement,0.03,0.37
KXBTC15M-26JUL302115-15,yes,10,96,1785459900,100,1785460513,settlement,0.03,0.37
KXBTC15M-26JUL302145-45,no,10,96,1785461803,100,1785462305,settlement,0.03,0.37
KXBTC15M-26JUL302200-00,no,10,95,1785462658,100,1785463221,settlement,0.04,0.46
KXBTC15M-26JUL302230-30,no,10,96,1785464672,100,1785465014,settlement,0.03,0.37
KXBTC15M-26JUL302330-30,yes,10,96,1785468067,100,1785468610,settlement,0.03,0.37
KXBTC15M-26JUL310030-30,no,10,96,1785471784,100,1785472215,settlement,0.03,0.37
KXBTC15M-26JUL310115-15,yes,10,96,1785474593,100,1785474915,settlement,0.03,0.37
KXBTC15M-26JUL310315-15,no,10,95,1785481584,100,1785482106,settlement,0.04,0.46
KXBTC15M-26JUL310400-00,yes,10,96,1785484444,100,1785484816,settlement,0.03,0.37
KXBTC15M-26JUL310430-30,no,10,97,1785486246,0,1785486618,settlement,0.03,-9.73
KXBTC15M-26JUL310445-45,no,10,97,1785487142,100,1785487514,settlement,0.03,0.27
KXBTC15M-26JUL310530-30,no,10,97,1785489760,100,1785490212,settlement,0.03,0.27
KXBTC15M-26JUL310615-15,no,10,95,1785492438,0,1785492911,settlement,0.04,-9.54
KXBTC15M-26AUG010230-30,yes,10,96,1785565426,100,1785565818,settlement,0.03,0.37
KXBTC15M-26AUG010345-45,no,10,95,1785569818,100,1785570310,settlement,0.04,0.46
KXBTC15M-26AUG010415-15,yes,10,95,1785571680,100,1785572112,settlement,0.04,0.46
KXBTC15M-26AUG010445-45,yes,10,95,1785573744,100,1785573915,settlement,0.04,0.46
KXBTC15M-26AUG010500-00,yes,10,97,1785574378,100,1785574810,settlement,0.03,0.27
KXBTC15M-26AUG010515-15,no,10,96,1785575314,100,1785575715,settlement,0.03,0.37
KXBTC15M-26AUG010600-00,no,10,95,1785577851,100,1785578403,settlement,0.04,0.46
KXBTC15M-26AUG010615-15,no,10,96,1785578716,100,1785579308,settlement,0.03,0.37
KXBTC15M-26AUG010730-30,yes,10,95,1785583327,100,1785583809,settlement,0.04,0.46
KXBTC15M-26AUG010815-15,yes,10,95,1785585985,100,1785586507,settlement,0.04,0.46
KXBTC15M-26AUG010830-30,no,10,95,1785587213,100,1785587403,settlement,0.04,0.46
KXBTC15M-26AUG010900-00,yes,10,97,1785589035,100,1785589206,settlement,0.03,0.27
KXBTC15M-26AUG010930-30,no,10,97,1785590789,100,1785591010,settlement,0.03,0.27
KXBTC15M-26AUG011000-00,no,10,96,1785592622,100,1785592803,settlement,0.03,0.37
KXBTC15M-26AUG011015-15,yes,10,95,1785593266,100,1785593708,settlement,0.04,0.46
KXBTC15M-26AUG011030-30,yes,10,95,1785594121,100,1785594613,settlement,0.04,0.46
KXBTC15M-26AUG011200-00,no,10,95,1785599662,100,1785600014,settlement,0.04,0.46
KXBTC15M-26AUG011215-15,no,10,95,1785600427,100,1785600909,settlement,0.04,0.46
KXBTC15M-26AUG011245-45,yes,10,97,1785602239,100,1785602711,settlement,0.03,0.27
KXBTC15M-26AUG011315-15,yes,10,95,1785604041,0,1785604513,settlement,0.04,-9.54
KXBTC15M-26AUG011345-45,no,10,96,1785605864,100,1785606316,settlement,0.03,0.37
KXBTC15M-26AUG011400-00,no,10,96,1785606708,100,1785607211,settlement,0.03,0.37
KXBTC15M-26AUG011430-30,no,10,96,1785608420,100,1785609013,settlement,0.03,0.37
KXBTC15M-26AUG011545-45,no,10,95,1785613133,100,1785613515,settlement,0.04,0.46
KXBTC15M-26AUG011630-30,yes,10,96,1785615853,100,1785616204,settlement,0.03,0.37
KXBTC15M-26AUG011715-15,yes,10,96,1785618370,100,1785618912,settlement,0.03,0.37
KXBTC15M-26AUG011830-30,no,10,97,1785623165,100,1785623416,settlement,0.03,0.27
KXBTC15M-26AUG011945-45,yes,10,97,1785627476,100,1785627918,settlement,0.03,0.27
KXBTC15M-26AUG012015-15,yes,10,95,1785629128,100,1785629720,settlement,0.04,0.46
KXBTC15M-26AUG012045-45,no,10,96,1785631151,100,1785631513,settlement,0.03,0.37
KXBTC15M-26AUG012115-15,yes,10,95,1785632773,100,1785633315,settlement,0.04,0.46
KXBTC15M-26AUG012200-00,no,10,95,1785635542,100,1785636014,settlement,0.04,0.46
KXBTC15M-26AUG012215-15,yes,10,97,1785636568,100,1785636910,settlement,0.03,0.27
KXBTC15M-26AUG020015-15,yes,10,95,1785643516,100,1785644109,settlement,0.04,0.46
KXBTC15M-26AUG020100-00,yes,10,97,1785646456,100,1785646808,settlement,0.03,0.27
KXBTC15M-26AUG020115-15,no,10,95,1785647141,100,1785647713,settlement,0.04,0.46
KXBTC15M-26AUG020200-00,yes,10,96,1785650101,100,1785650412,settlement,0.03,0.37
KXBTC15M-26AUG020400-00,no,10,95,1785657213,100,1785657615,settlement,0.04,0.46
KXBTC15M-26AUG020615-15,no,10,96,1785665392,100,1785665713,settlement,0.03,0.37
KXBTC15M-26AUG020630-30,no,10,97,1785666317,100,1785666609,settlement,0.03,0.27
KXBTC15M-26AUG020645-45,yes,10,97,1785667132,100,1785667514,settlement,0.03,0.27
KXBTC15M-26AUG020930-30,no,10,95,1785677084,100,1785677406,settlement,0.04,0.46
KXBTC15M-26AUG020945-45,no,10,97,1785677939,100,1785678311,settlement,0.03,0.27
KXBTC15M-26AUG021015-15,no,10,96,1785679783,100,1785680114,settlement,0.03,0.37
KXBTC15M-26AUG021200-00,no,10,96,1785686130,100,1785686412,settlement,0.03,0.37
KXBTC15M-26AUG021245-45,yes,10,95,1785688659,100,1785689111,settlement,0.04,0.46
KXBTC15M-26AUG021300-00,no,10,95,1785689584,100,1785690016,settlement,0.04,0.46
KXBTC15M-26AUG021600-00,yes,10,96,1785700235,100,1785700817,settlement,0.03,0.37
KXBTC15M-26AUG021700-00,yes,10,95,1785704021,100,1785704413,settlement,0.04,0.46
KXBTC15M-26AUG021715-15,yes,10,96,1785704867,100,1785705309,settlement,0.03,0.37
KXBTC15M-26AUG021845-45,no,10,95,1785710126,100,1785711049,settlement,0.04,0.46
KXBTC15M-26AUG021930-30,yes,10,96,1785712803,100,1785713747,settlement,0.03,0.37
KXBTC15M-26AUG022245-45,yes,10,97,1785724825,100,1785725116,settlement,0.03,0.27
KXBTC15M-26AUG030000-00,no,10,96,1785729188,100,1785729610,settlement,0.03,0.37
KXBTC15M-26AUG030030-30,yes,10,95,1785730981,100,1785731412,settlement,0.04,0.46
KXBTC15M-26AUG030100-00,no,10,95,1785732823,100,1785733215,settlement,0.04,0.46
KXBTC15M-26AUG030430-30,no,10,97,1785745296,100,1785745809,settlement,0.03,0.27
KXBTC15M-26AUG030530-30,yes,10,97,1785748965,100,1785749417,settlement,0.03,0.27
KXBTC15M-26AUG030600-00,yes,10,97,1785750807,100,1785751219,settlement,0.03,0.27
KXBTC15M-26AUG030615-15,no,10,96,1785751784,100,1785752115,settlement,0.03,0.37
KXBTC15M-26AUG030645-45,no,10,96,1785753556,100,1785753907,settlement,0.03,0.37
KXBTC15M-26AUG030700-00,no,10,95,1785754260,0,1785754823,settlement,0.04,-9.54
KXBTC15M-26AUG030715-15,no,10,96,1785755206,100,1785755718,settlement,0.03,0.37
KXBTC15M-26AUG030730-30,yes,10,97,1785756141,100,1785756623,settlement,0.03,0.27
KXBTC15M-26AUG030930-30,yes,10,96,1785763204,0,1785763816,settlement,0.03,-9.63
KXBTC15M-26AUG031700-00,no,10,96,1785790294,100,1785790806,settlement,0.03,0.37
KXBTC15M-26AUG031715-15,no,10,95,1785791320,100,1785791712,settlement,0.04,0.46
KXBTC15M-26AUG031815-15,no,10,95,1785794746,100,1785795308,settlement,0.04,0.46
KXBTC15M-26AUG031900-00,yes,10,95,1785797545,100,1785798017,settlement,0.04,0.46
KXBTC15M-26AUG031945-45,no,10,97,1785800304,100,1785800716,settlement,0.03,0.27
KXBTC15M-26AUG032145-45,yes,10,96,1785807416,100,1785807909,settlement,0.03,0.37
KXBTC15M-26AUG032245-45,yes,10,96,1785811002,100,1785811515,settlement,0.03,0.37
KXBTC15M-26AUG040030-30,yes,10,95,1785817369,100,1785817811,settlement,0.04,0.46
KXBTC15M-26AUG040045-45,yes,10,95,1785818315,100,1785818717,settlement,0.04,0.46
KXBTC15M-26AUG040115-15,no,10,97,1785820148,100,1785820519,settlement,0.03,0.27
KXBTC15M-26AUG040130-30,no,10,97,1785821285,100,1785821405,settlement,0.03,0.27
KXBTC15M-26AUG040200-00,no,10,95,1785822916,100,1785823217,settlement,0.04,0.46
KXBTC15M-26AUG040245-45,no,10,95,1785825634,100,1785825915,settlement,0.04,0.46
KXBTC15M-26AUG040445-45,no,10,95,1785832644,100,1785833106,settlement,0.04,0.46
KXBTC15M-26AUG040515-15,no,10,95,1785834677,100,1785834918,settlement,0.04,0.46
KXBTC15M-26AUG040615-15,no,10,95,1785838180,100,1785838512,settlement,0.04,0.46
KXBTC15M-26AUG040700-00,yes,10,95,1785840678,100,1785841221,settlement,0.04,0.46
KXBTC15M-26AUG040800-00,yes,10,96,1785844423,100,1785844815,settlement,0.03,0.37
KXBTC15M-26AUG040815-15,no,10,97,1785845379,100,1785845720,settlement,0.03,0.27
KXBTC15M-26AUG041000-00,no,10,95,1785851522,100,1785852014,settlement,0.04,0.46
KXBTC15M-26AUG041215-15,no,10,96,1785859712,100,1785860114,settlement,0.03,0.37
KXBTC15M-26AUG041315-15,yes,10,96,1785863238,100,1785863711,settlement,0.03,0.37
KXBTC15M-26AUG041400-00,no,10,95,1785865827,100,1785866410,settlement,0.04,0.46
KXBTC15M-26AUG041415-15,yes,10,96,1785866732,100,1785867315,settlement,0.03,0.37
KXBTC15M-26AUG041430-30,yes,10,95,1785867677,100,1785868220,settlement,0.04,0.46
KXBTC15M-26AUG041445-45,no,10,97,1785868754,100,1785869116,settlement,0.03,0.27
KXBTC15M-26AUG041530-30,no,10,97,1785871463,100,1785871815,settlement,0.03,0.27
KXBTC15M-26AUG041615-15,no,10,95,1785874022,100,1785874514,settlement,0.04,0.46
KXBTC15M-26AUG041715-15,no,10,97,1785877921,100,1785878112,settlement,0.03,0.27
KXBTC15M-26AUG041730-30,yes,10,97,1785878706,100,1785879008,settlement,0.03,0.27
KXBTC15M-26AUG041800-00,no,10,96,1785880479,100,1785880811,settlement,0.03,0.37
KXBTC15M-26AUG041930-30,no,10,97,1785885952,100,1785886213,settlement,0.03,0.27
KXBTC15M-26AUG042000-00,no,10,95,1785887624,100,1785888016,settlement,0.04,0.46
KXBTC15M-26AUG042045-45,yes,10,95,1785890113,100,1785890706,settlement,0.04,0.46
KXBTC15M-26AUG042130-30,yes,10,96,1785892963,100,1785893416,settlement,0.03,0.37
KXBTC15M-26AUG042330-30,no,10,97,1785900008,100,1785900611,settlement,0.03,0.27
KXBTC15M-26AUG050015-15,no,10,95,1785903040,100,1785903311,settlement,0.04,0.46
KXBTC15M-26AUG050115-15,yes,10,96,1785906305,100,1785906917,settlement,0.03,0.37
KXBTC15M-26AUG050130-30,yes,10,96,1785907441,100,1785907813,settlement,0.03,0.37
KXBTC15M-26AUG050145-45,no,10,96,1785908216,100,1785908708,settlement,0.03,0.37
KXBTC15M-26AUG050300-00,no,10,95,1785912918,100,1785913219,settlement,0.04,0.46
KXBTC15M-26AUG050330-30,no,10,95,1785914468,100,1785915020,settlement,0.04,0.46
KXBTC15M-26AUG050700-00,no,10,95,1785927009,100,1785927632,settlement,0.04,0.46
KXBTC15M-26AUG050830-30,yes,10,96,1785932438,100,1785933011,settlement,0.03,0.37
KXBTC15M-26AUG050900-00,no,10,97,1785934361,100,1785934813,settlement,0.03,0.27
KXBTC15M-26AUG050915-15,no,10,97,1785935266,100,1785935708,settlement,0.03,0.27
KXBTC15M-26AUG050945-45,no,10,96,1785936998,0,1785937510,settlement,0.03,-9.63
KXBTC15M-26AUG051130-30,no,10,97,1785943387,100,1785943808,settlement,0.03,0.27
KXBTC15M-26AUG051200-00,no,10,96,1785945219,100,1785945611,settlement,0.03,0.37
KXBTC15M-26AUG051230-30,yes,10,96,1785946962,100,1785947414,settlement,0.03,0.37
KXBTC15M-26AUG051300-00,no,10,95,1785948901,100,1785949212,settlement,0.04,0.46
KXBTC15M-26AUG051415-15,no,10,96,1785953325,0,1785953717,settlement,0.03,-9.63
KXBTC15M-26AUG051700-00,no,10,95,1785963123,100,1785963616,settlement,0.04,0.46
KXBTC15M-26AUG051715-15,no,10,97,1785964210,100,1785964511,settlement,0.03,0.27
KXBTC15M-26AUG051730-30,no,10,96,1785965035,100,1785965417,settlement,0.03,0.37
KXBTC15M-26AUG051915-15,yes,10,96,1785971487,100,1785971718,settlement,0.03,0.37
KXBTC15M-26AUG052000-00,no,10,96,1785974279,100,1785974420,settlement,0.03,0.37
KXBTC15M-26AUG052200-00,yes,10,95,1785981006,100,1785981619,settlement,0.04,0.46
KXBTC15M-26AUG052330-30,no,10,97,1785986691,100,1785987013,settlement,0.03,0.27
KXBTC15M-26AUG060030-30,yes,10,96,1785990127,100,1785990619,settlement,0.03,0.37
KXBTC15M-26AUG060115-15,yes,10,96,1785992805,100,1785993307,settlement,0.03,0.37
KXBTC15M-26AUG060215-15,no,10,95,1785996601,100,1785996912,settlement,0.04,0.46
KXBTC15M-26AUG060515-15,no,10,96,1786007163,100,1786007716,settlement,0.03,0.37
KXBTC15M-26AUG060545-45,no,10,95,1786009277,100,1786009518,settlement,0.04,0.46
KXBTC15M-26AUG060630-30,yes,10,96,1786011826,100,1786012218,settlement,0.03,0.37
KXBTC15M-26AUG060645-45,no,10,97,1786012926,100,1786013117,settlement,0.03,0.27
KXBTC15M-26AUG060715-15,no,10,96,1786014397,100,1786014920,settlement,0.03,0.37
KXBTC15M-26AUG060745-45,yes,10,96,1786016300,100,1786016712,settlement,0.03,0.37
KXBTC15M-26AUG060815-15,no,10,95,1786017992,100,1786018514,settlement,0.04,0.46
KXBTC15M-26AUG060915-15,no,10,97,1786021609,100,1786022111,settlement,0.03,0.27
KXBTC15M-26AUG061200-00,no,10,97,1786031811,100,1786032026,settlement,0.03,0.27
KXBTC15M-26AUG061415-15,no,10,95,1786039534,100,1786040117,settlement,0.04,0.46
KXBTC15M-26AUG061445-45,no,10,96,1786041598,100,1786041910,settlement,0.03,0.37
KXBTC15M-26AUG061615-15,yes,10,95,1786046848,100,1786047311,settlement,0.04,0.46
KXBTC15M-26AUG061630-30,no,10,97,1786047966,100,1786048217,settlement,0.03,0.27
KXBTC15M-26AUG061830-30,no,10,96,1786054921,100,1786055423,settlement,0.03,0.37
KXBTC15M-26AUG062000-00,yes,10,96,1786060413,100,1786060815,settlement,0.03,0.37
KXBTC15M-26AUG070130-30,no,10,95,1786080277,100,1786080618,settlement,0.04,0.46
KXBTC15M-26AUG070145-45,yes,10,95,1786081223,100,1786081514,settlement,0.04,0.46
KXBTC15M-26AUG070245-45,no,10,95,1786084759,100,1786085120,settlement,0.04,0.46
KXBTC15M-26AUG070300-00,no,10,95,1786085624,100,1786086006,settlement,0.04,0.46
KXBTC15M-26AUG070515-15,yes,10,95,1786093571,100,1786094113,settlement,0.04,0.46
KXBTC15M-26AUG070530-30,yes,10,96,1786094677,100,1786095009,settlement,0.03,0.37
KXBTC15M-26AUG070715-15,yes,10,95,1786100812,100,1786101315,settlement,0.04,0.46
KXBTC15M-26AUG070815-15,yes,10,97,1786104670,100,1786104921,settlement,0.03,0.27
KXBTC15M-26AUG070900-00,yes,10,96,1786107208,100,1786107629,settlement,0.03,0.37
KXBTC15M-26AUG071030-30,yes,10,96,1786112507,100,1786113019,settlement,0.03,0.37
KXBTC15M-26AUG071130-30,yes,10,97,1786116395,100,1786116616,settlement,0.03,0.27
KXBTC15M-26AUG071200-00,no,10,96,1786118077,100,1786118419,settlement,0.03,0.37
KXBTC15M-26AUG071215-15,yes,10,95,1786118963,100,1786119315,settlement,0.04,0.46
KXBTC15M-26AUG071345-45,yes,10,96,1786124415,100,1786124706,settlement,0.03,0.37
KXBTC15M-26AUG071415-15,yes,10,97,1786126118,100,1786126510,settlement,0.03,0.27
KXBTC15M-26AUG071500-00,no,10,96,1786128828,100,1786129250,settlement,0.03,0.37
KXBTC15M-26AUG071515-15,yes,10,97,1786129603,100,1786130115,settlement,0.03,0.27
KXBTC15M-26AUG071530-30,yes,10,97,1786130569,100,1786131051,settlement,0.03,0.27
KXBTC15M-26AUG071645-45,no,10,97,1786135314,100,1786135515,settlement,0.03,0.27
KXBTC15M-26AUG071730-30,no,10,95,1786137833,0,1786138234,settlement,0.04,-9.54
KXBTC15M-26AUG071845-45,no,10,95,1786142367,100,1786142718,settlement,0.04,0.46
KXBTC15M-26AUG071900-00,yes,10,96,1786143192,100,1786143624,settlement,0.03,0.37
KXBTC15M-26AUG071930-30,no,10,95,1786145317,100,1786145448,settlement,0.04,0.46
KXBTC15M-26AUG072000-00,yes,10,96,1786146899,100,1786147210,settlement,0.03,0.37
KXBTC15M-26AUG072015-15,yes,10,95,1786147704,0,1786148106,settlement,0.04,-9.54
KXBTC15M-26AUG072030-30,no,10,95,1786148670,100,1786149052,settlement,0.04,0.46
KXBTC15M-26AUG072130-30,no,10,95,1786152317,100,1786152609,settlement,0.04,0.46
KXBTC15M-26AUG072200-00,no,10,96,1786154171,100,1786154462,settlement,0.03,0.37
KXBTC15M-26AUG072215-15,no,10,96,1786155067,100,1786155318,settlement,0.03,0.37
KXBTC15M-26AUG072330-30,yes,10,95,1786159372,100,1786159824,settlement,0.04,0.46
KXBTC15M-26AUG080015-15,no,10,95,1786162152,100,1786162514,settlement,0.04,0.46
KXBTC15M-26AUG080100-00,no,10,95,1786164962,100,1786165233,settlement,0.04,0.46
KXBTC15M-26AUG080130-30,yes,10,96,1786166654,100,1786167046,settlement,0.03,0.37
KXBTC15M-26AUG080200-00,no,10,96,1786168356,100,1786168808,settlement,0.03,0.37
KXBTC15M-26AUG080300-00,yes,10,95,1786172092,100,1786172454,settlement,0.04,0.46
KXBTC15M-26AUG080345-45,no,10,95,1786174741,100,1786175113,settlement,0.04,0.46
KXBTC15M-26AUG080445-45,yes,10,95,1786178367,100,1786178718,settlement,0.04,0.46
KXBTC15M-26AUG080500-00,no,10,96,1786179313,100,1786179624,settlement,0.03,0.37
KXBTC15M-26AUG080530-30,yes,10,95,1786181186,100,1786181477,settlement,0.04,0.46
KXBTC15M-26AUG080730-30,no,10,95,1786188086,100,1786188618,settlement,0.04,0.46
KXBTC15M-26AUG080815-15,no,10,96,1786190896,0,1786191318,settlement,0.03,-9.63
KXBTC15M-26AUG080845-45,yes,10,96,1786192759,100,1786193120,settlement,0.03,0.37
KXBTC15M-26AUG080945-45,no,10,95,1786196527,100,1786196707,settlement,0.04,0.46
KXBTC15M-26AUG081030-30,yes,10,95,1786199056,100,1786199408,settlement,0.04,0.46
KXBTC15M-26AUG081045-45,yes,10,95,1786199912,0,1786200314,settlement,0.04,-9.54
KXBTC15M-26AUG081130-30,no,10,97,1786202873,100,1786203014,settlement,0.03,0.27
KXBTC15M-26AUG081145-45,no,10,97,1786203609,100,1786203910,settlement,0.03,0.27
KXBTC15M-26AUG081430-30,no,10,95,1786213344,100,1786213807,settlement,0.04,0.46
KXBTC15M-26AUG081600-00,yes,10,96,1786218878,100,1786219219,settlement,0.03,0.37
KXBTC15M-26AUG081630-30,no,10,95,1786220731,100,1786221013,settlement,0.04,0.46
KXBTC15M-26AUG081715-15,no,10,97,1786223503,100,1786223714,settlement,0.03,0.27
KXBTC15M-26AUG081800-00,no,10,96,1786226143,100,1786226404,settlement,0.03,0.37
KXBTC15M-26AUG081930-30,yes,10,96,1786231414,0,1786231835,settlement,0.03,-9.63
KXBTC15M-26AUG081945-45,yes,10,95,1786232430,100,1786232721,settlement,0.04,0.46
KXBTC15M-26AUG082045-45,yes,10,95,1786235906,100,1786236308,settlement,0.04,0.46
KXBTC15M-26AUG082315-15,no,10,96,1786245006,100,1786245327,settlement,0.03,0.37
KXBTC15M-26AUG090015-15,yes,10,95,1786248632,100,1786248914,settlement,0.04,0.46
KXBTC15M-26AUG090045-45,no,10,95,1786250506,100,1786250717,settlement,0.04,0.46
KXBTC15M-26AUG090230-30,yes,10,95,1786256621,100,1786257032,settlement,0.04,0.46
KXBTC15M-26AUG090245-45,yes,10,95,1786257566,100,1786257917,settlement,0.04,0.46
KXBTC15M-26AUG090345-45,no,10,95,1786261343,100,1786261514,settlement,0.04,0.46
KXBTC15M-26AUG090400-00,no,10,97,1786262249,100,1786262410,settlement,0.03,0.27
KXBTC15M-26AUG090415-15,yes,10,96,1786262702,100,1786263315,settlement,0.03,0.37
KXBTC15M-26AUG090600-00,yes,10,96,1786269249,100,1786269610,settlement,0.03,0.37
KXBTC15M-26AUG090615-15,yes,10,95,1786270064,100,1786270506,settlement,0.04,0.46
KXBTC15M-26AUG090700-00,yes,10,95,1786272793,100,1786273204,settlement,0.04,0.46
KXBTC15M-26AUG090745-45,yes,10,95,1786275703,100,1786275914,settlement,0.04,0.46
KXBTC15M-26AUG090815-15,no,10,95,1786277304,100,1786277706,settlement,0.04,0.46
KXBTC15M-26AUG090915-15,yes,10,96,1786280718,100,1786281310,settlement,0.03,0.37
KXBTC15M-26AUG090945-45,yes,10,95,1786282510,100,1786283112,settlement,0.04,0.46
KXBTC15M-26AUG091030-30,no,10,96,1786285401,100,1786285813,settlement,0.03,0.37
KXBTC15M-26AUG091100-00,yes,10,96,1786287294,100,1786287605,settlement,0.03,0.37
KXBTC15M-26AUG091245-45,yes,10,95,1786293401,100,1786293913,settlement,0.04,0.46
KXBTC15M-26AUG091315-15,no,10,96,1786295475,100,1786295716,settlement,0.03,0.37
KXBTC15M-26AUG091400-00,no,10,97,1786298005,100,1786298417,settlement,0.03,0.27
KXBTC15M-26AUG091530-30,yes,10,95,1786303416,100,1786303807,settlement,0.04,0.46
KXBTC15M-26AUG091545-45,no,10,96,1786304473,100,1786304714,settlement,0.03,0.37
KXBTC15M-26AUG091630-30,yes,10,95,1786306881,100,1786307404,settlement,0.04,0.46
KXBTC15M-26AUG091800-00,no,10,95,1786312434,100,1786312806,settlement,0.04,0.46
KXBTC15M-26AUG091815-15,yes,10,96,1786313219,100,1786313721,settlement,0.03,0.37
KXBTC15M-26AUG091830-30,no,10,97,1786314175,100,1786314609,settlement,0.03,0.27
KXBTC15M-26AUG091845-45,no,10,97,1786314912,100,1786315514,settlement,0.03,0.27
KXBTC15M-26AUG091930-30,no,10,97,1786317751,100,1786318213,settlement,0.03,0.27
KXBTC15M-26AUG092100-00,yes,10,96,1786323031,100,1786323613,settlement,0.03,0.37
KXBTC15M-26AUG092145-45,no,10,96,1786325851,100,1786326313,settlement,0.03,0.37
KXBTC15M-26AUG092200-00,yes,10,96,1786326656,100,1786327218,settlement,0.03,0.37
KXBTC15M-26AUG092215-15,no,10,96,1786327732,100,1786328114,settlement,0.03,0.37
KXBTC15M-26AUG092230-30,no,10,97,1786328406,100,1786329019,settlement,0.03,0.27
KXBTC15M-26AUG092300-00,no,10,97,1786330370,100,1786330812,settlement,0.03,0.27
KXBTC15M-26AUG092330-30,yes,10,97,1786332051,100,1786332613,settlement,0.03,0.27
KXBTC15M-26AUG100015-15,yes,10,97,1786334942,100,1786335303,settlement,0.03,0.27
KXBTC15M-26AUG100115-15,yes,10,95,1786338618,0,1786338910,settlement,0.04,-9.54
KXBTC15M-26AUG100130-30,yes,10,95,1786339514,100,1786339816,settlement,0.04,0.46
KXBTC15M-26AUG100400-00,no,10,95,1786348281,100,1786348813,settlement,0.04,0.46
KXBTC15M-26AUG100415-15,yes,10,95,1786349226,100,1786349708,settlement,0.04,0.46
KXBTC15M-26AUG100515-15,no,10,96,1786353094,100,1786353315,settlement,0.03,0.37
KXBTC15M-26AUG100545-45,no,10,97,1786354625,100,1786355117,settlement,0.03,0.27
KXBTC15M-26AUG100600-00,no,10,95,1786355409,100,1786356011,settlement,0.04,0.46
KXBTC15M-26AUG100615-15,yes,10,96,1786356314,100,1786356906,settlement,0.03,0.37
KXBTC15M-26AUG100730-30,yes,10,97,1786360916,100,1786361409,settlement,0.03,0.27
KXBTC15M-26AUG100815-15,yes,10,97,1786363827,100,1786364109,settlement,0.03,0.27
KXBTC15M-26AUG100830-30,no,10,96,1786364733,100,1786365015,settlement,0.03,0.37
KXBTC15M-26AUG100900-00,no,10,96,1786366315,100,1786366817,settlement,0.03,0.37
KXBTC15M-26AUG100945-45,no,10,96,1786368934,100,1786369506,settlement,0.03,0.37
KXBTC15M-26AUG101200-00,no,10,96,1786377272,100,1786377613,settlement,0.03,0.37
KXBTC15M-26AUG101230-30,no,10,96,1786378874,100,1786379446,settlement,0.03,0.37
KXBTC15M-26AUG101330-30,no,10,95,1786382592,100,1786383044,settlement,0.04,0.46
KXBTC15M-26AUG101545-45,no,10,96,1786390866,0,1786391117,settlement,0.03,-9.63
KXBTC15M-26AUG101630-30,yes,10,96,1786393506,100,1786393808,settlement,0.03,0.37
KXBTC15M-26AUG101700-00,no,10,95,1786395441,100,1786395612,settlement,0.04,0.46
KXBTC15M-26AUG101715-15,no,10,96,1786396318,100,1786396519,settlement,0.03,0.37
KXBTC15M-26AUG101800-00,no,10,95,1786398877,100,1786399209,settlement,0.04,0.46
KXBTC15M-26AUG101845-45,no,10,96,1786401547,100,1786401919,settlement,0.03,0.37
KXBTC15M-26AUG101915-15,no,10,97,1786403512,100,1786403722,settlement,0.03,0.27
KXBTC15M-26AUG101945-45,no,10,95,1786405124,100,1786405505,settlement,0.04,0.46
KXBTC15M-26AUG102015-15,no,10,95,1786406896,100,1786407318,settlement,0.04,0.46
KXBTC15M-26AUG102100-00,yes,10,95,1786409677,100,1786410009,settlement,0.04,0.46
KXBTC15M-26AUG102115-15,no,10,95,1786410563,0,1786410915,settlement,0.04,-9.54
KXBTC15M-26AUG260500-00,no,10,95,1787734443,100,1787734814,settlement,0.04,0.46
KXBTC15M-26AUG260515-15,yes,10,95,1787735207,100,1787735710,settlement,0.04,0.46
KXBTC15M-26AUG260530-30,no,10,95,1787736093,100,1787736605,settlement,0.04,0.46
KXBTC15M-26AUG260615-15,no,10,96,1787739075,0,1787739306,settlement,0.03,-9.63
KXBTC15M-26AUG260745-45,no,10,97,1787744306,100,1787744708,settlement,0.03,0.27
KXBTC15M-26AUG260845-45,no,10,97,1787747925,100,1787748317,settlement,0.03,0.27
KXBTC15M-26AUG260945-45,yes,10,97,1787751462,100,1787751904,settlement,0.03,0.27
KXBTC15M-26AUG261000-00,no,10,95,1787752409,100,1787752811,settlement,0.04,0.46
KXBTC15M-26AUG261300-00,yes,10,95,1787763118,100,1787763611,settlement,0.04,0.46
KXBTC15M-26AUG261330-30,yes,10,95,1787764922,100,1787765425,settlement,0.04,0.46
KXBTC15M-26AUG261345-45,yes,10,96,1787766152,100,1787766313,settlement,0.03,0.37
KXBTC15M-26AUG261715-15,yes,10,97,1787778554,100,1787778915,settlement,0.03,0.27
KXBTC15M-26AUG262015-15,no,10,96,1787789554,100,1787789705,settlement,0.03,0.37
KXBTC15M-26AUG262100-00,no,10,95,1787792095,100,1787792407,settlement,0.04,0.46
KXBTC15M-26AUG262200-00,yes,10,95,1787795533,100,1787796016,settlement,0.04,0.46
KXBTC15M-26AUG262330-30,yes,10,96,1787801020,100,1787801412,settlement,0.03,0.37
KXBTC15M-26AUG270000-00,no,10,95,1787802985,100,1787803206,settlement,0.04,0.46
KXBTC15M-26AUG270100-00,no,10,95,1787806623,100,1787806804,settlement,0.04,0.46
KXBTC15M-26AUG270145-45,yes,10,96,1787809314,100,1787809505,settlement,0.03,0.37
KXBTC15M-26AUG270200-00,yes,10,95,1787809979,100,1787810411,settlement,0.04,0.46
KXBTC15M-26AUG270215-15,no,10,96,1787811036,100,1787811307,settlement,0.03,0.37
KXBTC15M-26AUG270845-45,no,10,95,1787834214,100,1787834706,settlement,0.04,0.46
KXBTC15M-26AUG270945-45,no,10,96,1787838165,100,1787838316,settlement,0.03,0.37
KXBTC15M-26AUG271100-00,no,10,97,1787842452,100,1787842804,settlement,0.03,0.27
KXBTC15M-26AUG271200-00,no,10,97,1787846162,100,1787846403,settlement,0.03,0.27
KXBTC15M-26AUG271330-30,yes,10,96,1787851527,100,1787851808,settlement,0.03,0.37
KXBTC15M-26AUG271415-15,no,10,97,1787854268,100,1787854519,settlement,0.03,0.27
KXBTC15M-26AUG271800-00,yes,10,95,1787867760,100,1787868012,settlement,0.04,0.46
KXBTC15M-26AUG271815-15,yes,10,97,1787868819,100,1787868919,settlement,0.03,0.27
KXBTC15M-26AUG271930-30,yes,10,95,1787873034,100,1787873416,settlement,0.04,0.46
KXBTC15M-26AUG272030-30,yes,10,95,1787876613,100,1787877015,settlement,0.04,0.46
KXBTC15M-26AUG272115-15,yes,10,97,1787879405,100,1787879707,settlement,0.03,0.27
KXBTC15M-26AUG272200-00,no,10,96,1787882016,100,1787882418,settlement,0.03,0.37
KXBTC15M-26AUG272230-30,no,10,96,1787883839,100,1787884211,settlement,0.03,0.37
KXBTC15M-26AUG272330-30,yes,10,95,1787887467,100,1787887819,settlement,0.04,0.46
KXBTC15M-26AUG280045-45,no,10,97,1787892193,100,1787892313,settlement,0.03,0.27
KXBTC15M-26AUG280145-45,yes,10,96,1787895709,100,1787895910,settlement,0.03,0.37
KXBTC15M-26AUG280215-15,yes,10,95,1787897300,100,1787897712,settlement,0.04,0.46
KXBTC15M-26AUG280300-00,yes,10,95,1787900201,100,1787900412,settlement,0.04,0.46
KXBTC15M-26AUG280315-15,no,10,95,1787900846,100,1787901308,settlement,0.04,0.46
KXBTC15M-26AUG280345-45,no,10,95,1787902758,100,1787903120,settlement,0.04,0.46
KXBTC15M-26AUG280400-00,yes,10,95,1787903865,100,1787904016,settlement,0.04,0.46
KXBTC15M-26AUG280415-15,yes,10,95,1787904560,100,1787904912,settlement,0.04,0.46
KXBTC15M-26AUG280500-00,no,10,96,1787907007,100,1787907661,settlement,0.03,0.37
KXBTC15M-26AUG280615-15,no,10,95,1787911691,100,1787912113,settlement,0.04,0.46
KXBTC15M-26AUG280700-00,yes,10,97,1787914525,100,1787914827,settlement,0.03,0.27
KXBTC15M-26AUG280715-15,yes,10,95,1787915472,100,1787915713,settlement,0.04,0.46
KXBTC15M-26AUG280845-45,no,10,96,1787920788,100,1787921119,settlement,0.03,0.37
KXBTC15M-26AUG281015-15,no,10,96,1787925907,100,1787926510,settlement,0.03,0.37
KXBTC15M-26AUG281045-45,yes,10,95,1787927791,100,1787928303,settlement,0.04,0.46
KXBTC15M-26AUG281200-00,no,10,96,1787932407,100,1787932809,settlement,0.03,0.37
KXBTC15M-26AUG281230-30,no,10,97,1787934211,100,1787934613,settlement,0.03,0.27
KXBTC15M-26AUG281245-45,yes,10,97,1787935127,100,1787935509,settlement,0.03,0.27
KXBTC15M-26AUG281400-00,yes,10,97,1787939765,100,1787940016,settlement,0.03,0.27
KXBTC15M-26AUG281515-15,yes,10,95,1787944183,100,1787944514,settlement,0.04,0.46
KXBTC15M-26AUG281545-45,no,10,97,1787946128,100,1787946309,settlement,0.03,0.27
KXBTC15M-26AUG281645-45,no,10,97,1787949698,100,1787958601,settlement,0.03,0.27
KXBTC15M-26AUG281930-30,no,10,96,1787959689,100,1787959820,settlement,0.03,0.37
KXBTC15M-26AUG282045-45,no,10,95,1787963996,100,1787964308,settlement,0.04,0.46
KXBTC15M-26AUG282115-15,no,10,97,1787965902,100,1787966103,settlement,0.03,0.27
KXBTC15M-26AUG282230-30,no,10,96,1787970199,100,1787970611,settlement,0.03,0.37
KXBTC15M-26AUG282300-00,yes,10,97,1787972113,100,1787972415,settlement,0.03,0.27
KXBTC15M-26AUG290000-00,no,10,95,1787975620,100,1787976022,settlement,0.04,0.46
KXBTC15M-26AUG290015-15,yes,10,95,1787976637,100,1787976908,settlement,0.04,0.46
KXBTC15M-26AUG290100-00,yes,10,96,1787979347,100,1787979618,settlement,0.03,0.37
KXBTC15M-26AUG290130-30,no,10,95,1787981291,100,1787981412,settlement,0.04,0.46
KXBTC15M-26AUG290200-00,no,10,95,1787982913,100,1787983215,settlement,0.04,0.46
KXBTC15M-26AUG290215-15,no,10,95,1787983809,100,1787984121,settlement,0.04,0.46
KXBTC15M-26AUG290230-30,no,10,95,1787984574,100,1787985016,settlement,0.04,0.46
KXBTC15M-26AUG290345-45,yes,10,97,1787989137,100,1787989509,settlement,0.03,0.27
KXBTC15M-26AUG290415-15,no,10,95,1787990708,100,1787991311,settlement,0.04,0.46
KXBTC15M-26AUG290545-45,yes,10,95,1787996329,100,1787996711,settlement,0.04,0.46
KXBTC15M-26AUG290615-15,no,10,96,1787997960,100,1787998503,settlement,0.03,0.37
KXBTC15M-26AUG290630-30,yes,10,95,1787998805,100,1787999408,settlement,0.04,0.46
KXBTC15M-26AUG290700-00,yes,10,95,1788000945,0,1788001216,settlement,0.04,-9.54
KXBTC15M-26AUG290745-45,no,10,97,1788003746,100,1788003917,settlement,0.03,0.27
KXBTC15M-26AUG291100-00,yes,10,97,1788015420,100,1788015611,settlement,0.03,0.27
KXBTC15M-26AUG291215-15,yes,10,95,1788019774,100,1788020106,settlement,0.04,0.46
KXBTC15M-26AUG291645-45,no,10,96,1788036169,100,1788036309,settlement,0.03,0.37
KXBTC15M-26AUG291800-00,yes,10,95,1788040484,100,1788040816,settlement,0.04,0.46
KXBTC15M-26AUG291900-00,yes,10,96,1788044263,100,1788044434,settlement,0.03,0.37
KXBTC15M-26AUG292015-15,no,10,97,1788048698,100,1788048919,settlement,0.03,0.27
KXBTC15M-26AUG292030-30,yes,10,97,1788049625,100,1788049826,settlement,0.03,0.27
KXBTC15M-26AUG300000-00,no,10,97,1788062286,100,1788062407,settlement,0.03,0.27
KXBTC15M-26AUG300045-45,no,10,95,1788064775,100,1788065117,settlement,0.04,0.46
KXBTC15M-26AUG300100-00,yes,10,97,1788065833,100,1788066014,settlement,0.03,0.27
KXBTC15M-26AUG300115-15,yes,10,95,1788066548,100,1788066910,settlement,0.04,0.46
KXBTC15M-26AUG300230-30,yes,10,95,1788070972,100,1788071405,settlement,0.04,0.46
KXBTC15M-26AUG300330-30,no,10,95,1788074629,100,1788075041,settlement,0.04,0.46
KXBTC15M-26AUG300345-45,no,10,95,1788075424,100,1788075916,settlement,0.04,0.46
KXBTC15M-26AUG300415-15,yes,10,96,1788077336,100,1788077708,settlement,0.03,0.37
KXBTC15M-26AUG300445-45,no,10,95,1788079129,100,1788079510,settlement,0.04,0.46
KXBTC15M-26AUG300530-30,no,10,96,1788081888,100,1788082230,settlement,0.03,0.37
KXBTC15M-26AUG300630-30,yes,10,95,1788085575,100,1788085806,settlement,0.04,0.46
KXBTC15M-26AUG300645-45,yes,10,96,1788086501,100,1788086702,settlement,0.03,0.37
KXBTC15M-26AUG300815-15,yes,10,96,1788091640,100,1788092113,settlement,0.03,0.37
KXBTC15M-26AUG301000-00,yes,10,95,1788097890,100,1788098422,settlement,0.04,0.46
KXBTC15M-26AUG301315-15,no,10,95,1788109801,100,1788110113,settlement,0.04,0.46
KXBTC15M-26AUG301330-30,no,10,95,1788110536,100,1788111009,settlement,0.04,0.46
KXBTC15M-26AUG301445-45,yes,10,95,1788114961,100,1788115504,settlement,0.04,0.46
KXBTC15M-26AUG301530-30,no,10,96,1788117843,100,1788118205,settlement,0.03,0.37
KXBTC15M-26AUG301830-30,no,10,97,1788128670,100,1788129011,settlement,0.03,0.27
KXBTC15M-26AUG302015-15,no,10,96,1788135009,0,1788135310,settlement,0.03,-9.63
KXBTC15M-26AUG302030-30,yes,10,96,1788135865,100,1788136217,settlement,0.03,0.37
KXBTC15M-26AUG302215-15,yes,10,97,1788142286,100,1788142517,settlement,0.03,0.27
KXBTC15M-26AUG302230-30,no,10,97,1788143223,100,1788143414,settlement,0.03,0.27
KXBTC15M-26AUG302315-15,yes,10,97,1788145814,100,1788146115,settlement,0.03,0.27
KXBTC15M-26AUG310015-15,no,10,97,1788149371,100,1788149713,settlement,0.03,0.27
KXBTC15M-26AUG310030-30,no,10,97,1788150429,100,1788150610,settlement,0.03,0.27
KXBTC15M-26AUG310330-30,yes,10,97,1788161119,100,1788161411,settlement,0.03,0.27
KXBTC15M-26AUG310430-30,no,10,95,1788164705,100,1788165017,settlement,0.04,0.46
KXBTC15M-26AUG310615-15,no,10,95,1788170850,100,1788171312,settlement,0.04,0.46
KXBTC15M-26AUG310630-30,no,10,95,1788171937,100,1788172208,settlement,0.04,0.46
KXBTC15M-26AUG310815-15,yes,10,96,1788177935,100,1788178518,settlement,0.03,0.37
KXBTC15M-26AUG310845-45,no,10,97,1788180010,100,1788180312,settlement,0.03,0.27
KXBTC15M-26AUG310930-30,no,10,96,1788182843,100,1788183024,settlement,0.03,0.37
KXBTC15M-26AUG311330-30,no,10,96,1788197060,100,1788197412,settlement,0.03,0.37
KXBTC15M-26AUG311345-45,yes,10,96,1788197926,100,1788198318,settlement,0.03,0.37
KXBTC15M-26AUG311500-00,no,10,95,1788202462,100,1788202804,settlement,0.04,0.46
KXBTC15M-26AUG311515-15,yes,10,96,1788203329,100,1788203721,settlement,0.03,0.37
KXBTC15M-26AUG311530-30,no,10,95,1788204094,100,1788204617,settlement,0.04,0.46
KXBTC15M-26AUG311630-30,yes,10,95,1788207683,0,1788208206,settlement,0.04,-9.54
KXBTC15M-26AUG311830-30,no,10,95,1788215082,100,1788215423,settlement,0.04,0.46
KXBTC15M-26AUG311900-00,no,10,97,1788216976,100,1788217207,settlement,0.03,0.27
KXBTC15M-26AUG312200-00,no,10,96,1788227653,100,1788228005,settlement,0.03,0.37
KXBTC15M-26AUG312215-15,no,10,95,1788228701,100,1788228912,settlement,0.04,0.46
KXBTC15M-26AUG312245-45,yes,10,95,1788230424,100,1788230716,settlement,0.04,0.46
KXBTC15M-26AUG312345-45,yes,10,95,1788233760,100,1788234313,settlement,0.04,0.46
KXBTC15M-26SEP010000-00,no,10,96,1788234908,100,1788235209,settlement,0.03,0.37
KXBTC15M-26SEP010030-30,yes,10,95,1788236701,100,1788237013,settlement,0.04,0.46
KXBTC15M-26SEP010115-15,yes,10,95,1788239311,100,1788239713,settlement,0.04,0.46
KXBTC15M-26SEP010215-15,no,10,95,1788242938,100,1788243309,settlement,0.04,0.46
KXBTC15M-26SEP010230-30,no,10,96,1788243823,100,1788244205,settlement,0.03,0.37
KXBTC15M-26SEP010300-00,no,10,95,1788245769,100,1788246020,settlement,0.04,0.46
KXBTC15M-26SEP010600-00,no,10,97,1788256520,100,1788256811,settlement,0.03,0.27
KXBTC15M-26SEP010630-30,yes,10,97,1788258313,100,1788258614,settlement,0.03,0.27
KXBTC15M-26SEP010645-45,yes,10,96,1788259149,100,1788259510,settlement,0.03,0.37
KXBTC15M-26SEP010745-45,yes,10,95,1788262727,100,1788263109,settlement,0.04,0.46
KXBTC15M-26SEP010845-45,no,10,95,1788266275,100,1788266707,settlement,0.04,0.46
KXBTC15M-26SEP010915-15,no,10,95,1788268230,100,1788268511,settlement,0.04,0.46
KXBTC15M-26SEP010945-45,no,10,95,1788269963,100,1788270305,settlement,0.04,0.46
KXBTC15M-26SEP011000-00,yes,10,97,1788271011,100,1788271212,settlement,0.03,0.27
KXBTC15M-26SEP011015-15,yes,10,97,1788271746,100,1788272108,settlement,0.03,0.27
KXBTC15M-26SEP011115-15,no,10,95,1788275124,100,1788275717,settlement,0.04,0.46
KXBTC15M-26SEP011230-30,no,10,95,1788279942,100,1788280213,settlement,0.04,0.46
KXBTC15M-26SEP011400-00,no,10,97,1788285144,100,1788285607,settlement,0.03,0.27
KXBTC15M-26SEP011430-30,no,10,96,1788287169,100,1788287411,settlement,0.03,0.37
KXBTC15M-26SEP011500-00,yes,10,97,1788288762,100,1788289205,settlement,0.03,0.27
KXBTC15M-26SEP011530-30,yes,10,96,1788290637,100,1788291019,settlement,0.03,0.37
KXBTC15M-26SEP011830-30,no,10,97,1788301406,100,1788301828,settlement,0.03,0.27
KXBTC15M-26SEP011900-00,yes,10,96,1788303209,100,1788303641,settlement,0.03,0.37
KXBTC15M-26SEP011945-45,yes,10,95,1788305900,100,1788306312,settlement,0.04,0.46
KXBTC15M-26SEP012230-30,yes,10,96,1788315902,100,1788316224,settlement,0.03,0.37
KXBTC15M-26SEP012315-15,yes,10,96,1788318543,100,1788318915,settlement,0.03,0.37
KXBTC15M-26SEP012345-45,no,10,95,1788320246,100,1788320708,settlement,0.04,0.46
KXBTC15M-26SEP020015-15,no,10,95,1788322130,100,1788322512,settlement,0.04,0.46
KXBTC15M-26SEP020045-45,yes,10,95,1788323984,100,1788324316,settlement,0.04,0.46
KXBTC15M-26SEP020130-30,yes,10,96,1788326696,100,1788327007,settlement,0.03,0.37
KXBTC15M-26SEP020215-15,yes,10,95,1788329581,0,1788329711,settlement,0.04,-9.54
KXBTC15M-26SEP020315-15,yes,10,96,1788333119,100,1788333310,settlement,0.03,0.37
KXBTC15M-26SEP020445-45,no,10,96,1788338411,100,1788338712,settlement,0.03,0.37
KXBTC15M-26SEP020515-15,yes,10,97,1788340083,100,1788340515,settlement,0.03,0.27
KXBTC15M-26SEP020530-30,no,10,96,1788341029,100,1788341421,settlement,0.03,0.37
KXBTC15M-26SEP020545-45,no,10,95,1788341844,100,1788342306,settlement,0.04,0.46
KXBTC15M-26SEP020615-15,no,10,97,1788343849,100,1788344110,settlement,0.03,0.27
KXBTC15M-26SEP020700-00,no,10,95,1788346408,0,1788346810,settlement,0.04,-9.54
KXBTC15M-26SEP020730-30,no,10,96,1788348212,100,1788348614,settlement,0.03,0.37
KXBTC15M-26SEP020745-45,yes,10,95,1788349037,100,1788349509,settlement,0.04,0.46
KXBTC15M-26SEP020830-30,yes,10,95,1788351879,100,1788352221,settlement,0.04,0.46
KXBTC15M-26SEP020845-45,no,10,96,1788352694,100,1788353117,settlement,0.03,0.37
KXBTC15M-26SEP020915-15,yes,10,95,1788354367,100,1788354920,settlement,0.04,0.46
KXBTC15M-26SEP020945-45,no,10,97,1788356283,0,1788356715,settlement,0.03,-9.73
KXBTC15M-26SEP021100-00,no,10,97,1788360850,100,1788361212,settlement,0.03,0.27
KXBTC15M-26SEP021345-45,yes,10,96,1788370887,100,1788371108,settlement,0.03,0.37
KXBTC15M-26SEP021530-30,no,10,95,1788377060,100,1788377422,settlement,0.04,0.46
KXBTC15M-26SEP021715-15,no,10,96,1788383577,100,1788383717,settlement,0.03,0.37
KXBTC15M-26SEP021845-45,yes,10,96,1788388680,100,1788389112,settlement,0.03,0.37
KXBTC15M-26SEP021900-00,no,10,95,1788389677,100,1788390018,settlement,0.04,0.46
KXBTC15M-26SEP021945-45,no,10,95,1788392449,100,1788392710,settlement,0.04,0.46
KXBTC15M-26SEP022000-00,yes,10,95,1788393074,100,1788393617,settlement,0.04,0.46
KXBTC15M-26SEP022015-15,no,10,96,1788394141,100,1788394503,settlement,0.03,0.37
KXBTC15M-26SEP022245-45,yes,10,96,1788403259,100,1788403520,settlement,0.03,0.37
KXBTC15M-26SEP022315-15,no,10,95,1788405052,0,1788405314,settlement,0.04,-9.54
KXBTC15M-26SEP110230-30,no,10,96,1789107870,100,1789108212,settlement,0.03,0.37
KXBTC15M-26SEP110300-00,yes,10,96,1789109804,100,1789110015,settlement,0.03,0.37
KXBTC15M-26SEP110400-00,no,10,95,1789113290,100,1789113612,settlement,0.04,0.46
KXBTC15M-26SEP110430-30,yes,10,95,1789114982,100,1789115414,settlement,0.04,0.46
KXBTC15M-26SEP110715-15,no,10,95,1789124884,100,1789125316,settlement,0.04,0.46
KXBTC15M-26SEP110800-00,yes,10,96,1789127725,100,1789128006,settlement,0.03,0.37
KXBTC15M-26SEP110915-15,no,10,97,1789132180,100,1789132502,settlement,0.03,0.27
KXBTC15M-26SEP111000-00,yes,10,96,1789134608,100,1789135212,settlement,0.03,0.37
KXBTC15M-26SEP111045-45,no,10,96,1789137421,100,1789137903,settlement,0.03,0.37
KXBTC15M-26SEP111115-15,no,10,97,1789139478,100,1789139710,settlement,0.03,0.27
KXBTC15M-26SEP111200-00,no,10,97,1789141968,100,1789142410,settlement,0.03,0.27
KXBTC15M-26SEP111230-30,no,10,96,1789143862,100,1789144204,settlement,0.03,0.37
KXBTC15M-26SEP111315-15,no,10,95,1789146644,100,1789146905,settlement,0.04,0.46
KXBTC15M-26SEP111345-45,no,10,96,1789148307,100,1789148709,settlement,0.03,0.37
KXBTC15M-26SEP111400-00,no,10,96,1789149293,100,1789149615,settlement,0.03,0.37
KXBTC15M-26SEP111415-15,no,10,97,1789149908,100,1789150511,settlement,0.03,0.27
KXBTC15M-26SEP111615-15,yes,10,96,1789157478,100,1789157710,settlement,0.03,0.37
KXBTC15M-26SEP111700-00,no,10,97,1789160210,100,1789160411,settlement,0.03,0.27
KXBTC15M-26SEP111730-30,yes,10,95,1789161993,100,1789162204,settlement,0.04,0.46
KXBTC15M-26SEP112015-15,yes,10,96,1789171930,100,1789172111,settlement,0.03,0.37
KXBTC15M-26SEP112115-15,yes,10,95,1789175458,100,1789175719,settlement,0.04,0.46
KXBTC15M-26SEP112130-30,no,10,97,1789176475,100,1789176616,settlement,0.03,0.27
KXBTC15M-26SEP112245-45,no,10,97,1789180973,100,1789181113,settlement,0.03,0.27
KXBTC15M-26SEP112315-15,yes,10,96,1789182797,100,1789182918,settlement,0.03,0.37
KXBTC15M-26SEP120030-30,no,10,95,1789187151,100,1789187413,settlement,0.04,0.46
KXBTC15M-26SEP120230-30,yes,10,95,1789194434,100,1789194615,settlement,0.04,0.46
KXBTC15M-26SEP120245-45,yes,10,96,1789195220,100,1789195511,settlement,0.03,0.37
KXBTC15M-26SEP120315-15,yes,10,95,1789196982,100,1789197314,settlement,0.04,0.46
KXBTC15M-26SEP120330-30,no,10,95,1789198039,100,1789198210,settlement,0.04,0.46
KXBTC15M-26SEP120445-45,yes,10,96,1789202523,100,1789202714,settlement,0.03,0.37
KXBTC15M-26SEP120615-15,yes,10,96,1789207975,100,1789208106,settlement,0.03,0.37
KXBTC15M-26SEP120630-30,no,10,95,1789208922,100,1789209003,settlement,0.04,0.46
KXBTC15M-26SEP120700-00,no,10,97,1789210495,100,1789210816,settlement,0.03,0.27
KXBTC15M-26SEP120730-30,no,10,97,1789212409,100,1789212610,settlement,0.03,0.27
KXBTC15M-26SEP121000-00,yes,10,96,1789221440,100,1789221611,settlement,0.03,0.37
KXBTC15M-26SEP121045-45,yes,10,96,1789224040,100,1789224311,settlement,0.03,0.37
KXBTC15M-26SEP121145-45,no,10,96,1789227486,100,1789227909,settlement,0.03,0.37
KXBTC15M-26SEP121530-30,no,10,95,1789241205,100,1789241406,settlement,0.04,0.46
KXBTC15M-26SEP121545-45,no,10,97,1789242142,100,1789242303,settlement,0.03,0.27
KXBTC15M-26SEP121600-00,yes,10,97,1789242968,100,1789243210,settlement,0.03,0.27
KXBTC15M-26SEP121615-15,yes,10,95,1789243845,100,1789244116,settlement,0.04,0.46
KXBTC15M-26SEP121715-15,yes,10,96,1789247442,0,1789247713,settlement,0.03,-9.63
KXBTC15M-26SEP121730-30,yes,10,97,1789248449,100,1789248610,settlement,0.03,0.27
KXBTC15M-26SEP121745-45,yes,10,96,1789249376,100,1789249506,settlement,0.03,0.37
KXBTC15M-26SEP121900-00,yes,10,95,1789253860,100,1789254011,settlement,0.04,0.46
KXBTC15M-26SEP122000-00,yes,10,95,1789257397,100,1789257618,settlement,0.04,0.46
KXBTC15M-26SEP122100-00,yes,10,95,1789260924,100,1789261205,settlement,0.04,0.46
KXBTC15M-26SEP122215-15,no,10,95,1789265620,100,1789265720,settlement,0.04,0.46
KXBTC15M-26SEP122345-45,no,10,97,1789270992,100,1789271102,settlement,0.03,0.27
KXBTC15M-26SEP130015-15,yes,10,97,1789272685,100,1789272916,settlement,0.03,0.27
KXBTC15M-26SEP130030-30,yes,10,95,1789273672,100,1789273822,settlement,0.04,0.46
KXBTC15M-26SEP130115-15,yes,10,95,1789276321,100,1789276512,settlement,0.04,0.46
KXBTC15M-26SEP130130-30,yes,10,95,1789277147,100,1789277408,settlement,0.04,0.46
KXBTC15M-26SEP130145-45,yes,10,95,1789278144,100,1789278314,settlement,0.04,0.46
KXBTC15M-26SEP130200-00,yes,10,95,1789279060,100,1789279211,settlement,0.04,0.46
KXBTC15M-26SEP130230-30,no,10,96,1789280833,100,1789281014,settlement,0.03,0.37
KXBTC15M-26SEP130300-00,no,10,95,1789282283,100,1789282815,settlement,0.04,0.46
KXBTC15M-26SEP130315-15,yes,10,96,1789283380,100,1789283711,settlement,0.03,0.37
KXBTC15M-26SEP130415-15,no,10,97,1789287157,100,1789287307,settlement,0.03,0.27
KXBTC15M-26SEP130430-30,no,10,97,1789288073,100,1789288214,settlement,0.03,0.27
KXBTC15M-26SEP130445-45,no,10,95,1789288657,100,1789289109,settlement,0.04,0.46
KXBTC15M-26SEP130530-30,no,10,96,1789291572,100,1789291813,settlement,0.03,0.37
KXBTC15M-26SEP130730-30,yes,10,97,1789298653,100,1789299016,settlement,0.03,0.27
KXBTC15M-26SEP130830-30,yes,10,95,1789302270,100,1789302612,settlement,0.04,0.46
KXBTC15M-26SEP130945-45,yes,10,95,1789306622,100,1789307114,settlement,0.04,0.46
KXBTC15M-26SEP131000-00,yes,10,96,1789307547,100,1789308009,settlement,0.03,0.37
KXBTC15M-26SEP131015-15,yes,10,95,1789308503,100,1789308915,settlement,0.04,0.46
KXBTC15M-26SEP131030-30,yes,10,96,1789309348,100,1789309810,settlement,0.03,0.37
KXBTC15M-26SEP131115-15,no,10,95,1789312189,100,1789312510,settlement,0.04,0.46
KXBTC15M-26SEP131200-00,no,10,97,1789315039,100,1789315210,settlement,0.03,0.27
KXBTC15M-26SEP131315-15,yes,10,97,1789319455,100,1789319716,settlement,0.03,0.27
KXBTC15M-26SEP131400-00,yes,10,95,1789321924,100,1789322407,settlement,0.04,0.46
KXBTC15M-26SEP131730-30,yes,10,95,1789334799,100,1789335010,settlement,0.04,0.46
KXBTC15M-26SEP131745-45,no,10,95,1789335585,100,1789335916,settlement,0.04,0.46
KXBTC15M-26SEP131800-00,no,10,95,1789336582,100,1789336803,settlement,0.04,0.46
KXBTC15M-26SEP131815-15,no,10,95,1789337156,100,1789337708,settlement,0.04,0.46
KXBTC15M-26SEP131830-30,no,10,95,1789338222,100,1789338614,settlement,0.04,0.46
KXBTC15M-26SEP131945-45,yes,10,96,1789342930,100,1789343111,settlement,0.03,0.37
KXBTC15M-26SEP132030-30,no,10,95,1789345390,100,1789345802,settlement,0.04,0.46
KXBTC15M-26SEP132045-45,yes,10,95,1789346155,100,1789346707,settlement,0.04,0.46
KXBTC15M-26SEP132300-00,yes,10,96,1789354452,100,1789354804,settlement,0.03,0.37
KXBTC15M-26SEP132345-45,no,10,97,1789357214,100,1789357515,settlement,0.03,0.27
KXBTC15M-26SEP140130-30,no,10,95,1789363502,100,1789363813,settlement,0.04,0.46
KXBTC15M-26SEP140215-15,yes,10,96,1789366050,100,1789366513,settlement,0.03,0.37
KXBTC15M-26SEP140230-30,no,10,95,1789367087,100,1789367409,settlement,0.04,0.46
KXBTC15M-26SEP140330-30,yes,10,96,1789370834,100,1789371015,settlement,0.03,0.37
KXBTC15M-26SEP140600-00,yes,10,96,1789379530,100,1789380013,settlement,0.03,0.37
KXBTC15M-26SEP140745-45,no,10,95,1789385747,100,1789386309,settlement,0.04,0.46
KXBTC15M-26SEP140815-15,yes,10,96,1789387922,100,1789388113,settlement,0.03,0.37
KXBTC15M-26SEP140830-30,yes,10,96,1789388627,100,1789389009,settlement,0.03,0.37
KXBTC15M-26SEP140900-00,no,10,95,1789390320,100,1789390812,settlement,0.04,0.46
KXBTC15M-26SEP140945-45,yes,10,96,1789392930,100,1789393503,settlement,0.03,0.37
KXBTC15M-26SEP141230-30,yes,10,96,1789402890,100,1789403412,settlement,0.03,0.37
KXBTC15M-26SEP141300-00,yes,10,95,1789404653,100,1789405216,settlement,0.04,0.46
KXBTC15M-26SEP141400-00,yes,10,96,1789408544,100,1789408806,settlement,0.03,0.37
KXBTC15M-26SEP141515-15,no,10,97,1789413062,100,1789413303,settlement,0.03,0.27
KXBTC15M-26SEP141530-30,yes,10,96,1789413878,100,1789414209,settlement,0.03,0.37
KXBTC15M-26SEP141630-30,yes,10,95,1789417264,100,1789417807,settlement,0.04,0.46
KXBTC15M-26SEP141715-15,no,10,96,1789420267,100,1789420518,settlement,0.03,0.37
KXBTC15M-26SEP141830-30,no,10,95,1789424490,100,1789425013,settlement,0.04,0.46
KXBTC15M-26SEP141915-15,no,10,95,1789427231,100,1789427714,settlement,0.04,0.46
KXBTC15M-26SEP141945-45,no,10,95,1789429054,100,1789429506,settlement,0.04,0.46
KXBTC15M-26SEP142000-00,no,10,97,1789429960,100,1789430412,settlement,0.03,0.27
KXBTC15M-26SEP142115-15,no,10,95,1789434526,100,1789434918,settlement,0.04,0.46
KXBTC15M-26SEP142130-30,yes,10,97,1789435401,100,1789435813,settlement,0.03,0.27
KXBTC15M-26SEP142145-45,yes,10,95,1789436368,100,1789436710,settlement,0.04,0.46
KXBTC15M-26SEP142315-15,no,10,96,1789441782,100,1789442113,settlement,0.03,0.37
KXBTC15M-26SEP142330-30,yes,10,96,1789442628,100,1789443009,settlement,0.03,0.37
KXBTC15M-26SEP150100-00,no,10,96,1789448240,100,1789448410,settlement,0.03,0.37
KXBTC15M-26SEP150300-00,no,10,95,1789455130,100,1789455612,settlement,0.04,0.46
KXBTC15M-26SEP150330-30,yes,10,95,1789457113,100,1789457414,settlement,0.04,0.46
KXBTC15M-26SEP150345-45,no,10,97,1789457948,100,1789458310,settlement,0.03,0.27
KXBTC15M-26SEP150400-00,no,10,97,1789458854,100,1789459206,settlement,0.03,0.27
KXBTC15M-26SEP150415-15,no,10,97,1789459730,100,1789460112,settlement,0.03,0.27
KXBTC15M-26SEP150500-00,yes,10,95,1789462530,100,1789462811,settlement,0.04,0.46
KXBTC15M-26SEP150600-00,yes,10,96,1789466096,100,1789466407,settlement,0.03,0.37
KXBTC15M-26SEP150700-00,yes,10,95,1789469511,100,1789470014,settlement,0.04,0.46
KXBTC15M-26SEP150745-45,no,10,97,1789472472,100,1789472713,settlement,0.03,0.27
KXBTC15M-26SEP150915-15,yes,10,97,1789477923,100,1789478103,settlement,0.03,0.27
KXBTC15M-26SEP150945-45,no,10,97,1789479444,100,1789479916,settlement,0.03,0.27
KXBTC15M-26SEP151045-45,no,10,96,1789483101,100,1789483513,settlement,0.03,0.37
KXBTC15M-26SEP151215-15,no,10,96,1789488604,100,1789488915,settlement,0.03,0.37
KXBTC15M-26SEP151230-30,yes,10,97,1789489449,100,1789489821,settlement,0.03,0.27
KXBTC15M-26SEP151245-45,no,10,97,1789490416,100,1789490708,settlement,0.03,0.27
KXBTC15M-26SEP151300-00,yes,10,97,1789491384,100,1789491605,settlement,0.03,0.27
KXBTC15M-26SEP151315-15,no,10,97,1789492099,100,1789492501,settlement,0.03,0.27
KXBTC15M-26SEP151345-45,yes,10,97,1789493701,100,1789494314,settlement,0.03,0.27
KXBTC15M-26SEP151430-30,no,10,95,1789496512,0,1789497015,settlement,0.04,-9.54
KXBTC15M-26SEP151445-45,no,10,96,1789497540,100,1789497911,settlement,0.03,0.37
KXBTC15M-26SEP151500-00,no,10,96,1789498214,0,1789498807,settlement,0.03,-9.63
KXBTC15M-26SEP151715-15,no,10,95,1789506511,100,1789506903,settlement,0.04,0.46
KXBTC15M-26SEP151730-30,no,10,95,1789507569,100,1789507810,settlement,0.04,0.46
KXBTC15M-26SEP151830-30,yes,10,97,1789511307,100,1789511417,settlement,0.03,0.27
KXBTC15M-26SEP151915-15,yes,10,96,1789513776,100,1789514107,settlement,0.03,0.37
KXBTC15M-26SEP151945-45,no,10,95,1789515589,100,1789515910,settlement,0.04,0.46
KXBTC15M-26SEP152015-15,yes,10,97,1789517544,100,1789517715,settlement,0.03,0.27
KXBTC15M-26SEP152030-30,yes,10,95,1789518360,100,1789518611,settlement,0.04,0.46
KXBTC15M-26SEP152145-45,no,10,96,1789522623,100,1789523106,settlement,0.03,0.37
KXBTC15M-26SEP152230-30,yes,10,95,1789525333,100,1789525815,settlement,0.04,0.46
KXBTC15M-26SEP152245-45,yes,10,95,1789526400,100,1789526711,settlement,0.04,0.46
KXBTC15M-26SEP160045-45,yes,10,95,1789533663,100,1789533914,settlement,0.04,0.46
KXBTC15M-26SEP160100-00,no,10,95,1789534489,100,1789534801,settlement,0.04,0.46
KXBTC15M-26SEP160130-30,yes,10,95,1789536342,100,1789536613,settlement,0.04,0.46
KXBTC15M-26SEP160415-15,no,10,95,1789546055,100,1789546517,settlement,0.04,0.46
KXBTC15M-26SEP160515-15,yes,10,96,1789549551,100,1789550113,settlement,0.03,0.37
KXBTC15M-26SEP160700-00,no,10,96,1789556099,100,1789556411,settlement,0.03,0.37
KXBTC15M-26SEP160830-30,no,10,95,1789561531,100,1789561803,settlement,0.04,0.46
KXBTC15M-26SEP160915-15,no,10,95,1789564071,100,1789564513,settlement,0.04,0.46
KXBTC15M-26SEP161100-00,no,10,96,1789570521,100,1789570812,settlement,0.03,0.37
KXBTC15M-26SEP161145-45,yes,10,96,1789573302,100,1789573513,settlement,0.03,0.37
KXBTC15M-26SEP161300-00,yes,10,96,1789577739,100,1789578001,settlement,0.03,0.37
KXBTC15M-26SEP161445-45,no,10,96,1789583803,0,1789584306,settlement,0.03,-9.63
KXBTC15M-26SEP161500-00,no,10,95,1789584841,100,1789585213,settlement,0.04,0.46
KXBTC15M-26SEP161815-15,no,10,96,1789596444,100,1789596906,settlement,0.03,0.37
KXBTC15M-26SEP161830-30,no,10,95,1789597360,100,1789597812,settlement,0.04,0.46
KXBTC15M-26SEP161900-00,no,10,95,1789599304,100,1789599606,settlement,0.04,0.46
KXBTC15M-26SEP161915-15,yes,10,95,1789600201,100,1789600512,settlement,0.04,0.46
KXBTC15M-26SEP161930-30,yes,10,95,1789600805,100,1789601418,settlement,0.04,0.46
KXBTC15M-26SEP162015-15,yes,10,97,1789603818,100,1789604109,settlement,0.03,0.27
KXBTC15M-26SEP162030-30,yes,10,97,1789604684,100,1789605005,settlement,0.03,0.27
KXBTC15M-26SEP162130-30,yes,10,97,1789608221,100,1789608613,settlement,0.03,0.27
KXBTC15M-26SEP162245-45,yes,10,97,1789612677,100,1789613109,settlement,0.03,0.27
KXBTC15M-26SEP170015-15,no,10,95,1789618179,100,1789618511,settlement,0.04,0.46
KXBTC15M-26SEP170100-00,yes,10,95,1789620698,100,1789621210,settlement,0.04,0.46
KXBTC15M-26SEP170145-45,no,10,95,1789623617,100,1789623909,settlement,0.04,0.46
KXBTC15M-26SEP170230-30,no,10,95,1789626185,100,1789626617,settlement,0.04,0.46
KXBTC15M-26SEP170245-45,yes,10,95,1789627050,100,1789627502,settlement,0.04,0.46
KXBTC15M-26SEP170300-00,no,10,97,1789628136,100,1789628408,settlement,0.03,0.27
KXBTC15M-26SEP170515-15,yes,10,96,1789635973,100,1789636516,settlement,0.03,0.37
KXBTC15M-26SEP170615-15,no,10,95,1789639810,100,1789640111,settlement,0.04,0.46
KXBTC15M-26SEP170630-30,no,10,96,1789640726,100,1789641017,settlement,0.03,0.37
KXBTC15M-26SEP170730-30,no,10,96,1789644371,100,1789644612,settlement,0.03,0.37
KXBTC15M-26SEP170745-45,no,10,95,1789645005,100,1789645518,settlement,0.04,0.46
KXBTC15M-26SEP170900-00,no,10,97,1789649759,100,1789650010,settlement,0.03,0.27
KXBTC15M-26SEP170945-45,no,10,95,1789652237,100,1789652709,settlement,0.04,0.46
KXBTC15M-26SEP171000-00,yes,10,97,1789653153,100,1789653605,settlement,0.03,0.27
KXBTC15M-26SEP171115-15,no,10,97,1789657862,100,1789658103,settlement,0.03,0.27
KXBTC15M-26SEP171145-45,yes,10,96,1789659404,100,1789659916,settlement,0.03,0.37
KXBTC15M-26SEP171315-15,yes,10,95,1789664851,100,1789665314,settlement,0.04,0.46
KXBTC15M-26SEP171400-00,no,10,95,1789667524,100,1789668017,settlement,0.04,0.46
KXBTC15M-26SEP171645-45,no,10,96,1789677605,100,1789677906,settlement,0.03,0.37
KXBTC15M-26SEP171715-15,no,10,95,1789679499,100,1789679710,settlement,0.04,0.46
KXBTC15M-26SEP171730-30,yes,10,97,1789680415,100,1789680606,settlement,0.03,0.27
KXBTC15M-26SEP171800-00,no,10,95,1789682017,100,1789682409,settlement,0.04,0.46
KXBTC15M-26SEP171830-30,no,10,95,1789683860,100,1789684212,settlement,0.04,0.46
KXBTC15M-26SEP171845-45,yes,10,96,1789684635,100,1789685117,settlement,0.03,0.37
KXBTC15M-26SEP171915-15,yes,10,95,1789686710,100,1789686911,settlement,0.04,0.46
KXBTC15M-26SEP171945-45,no,10,95,1789688432,100,1789688703,settlement,0.04,0.46
KXBTC15M-26SEP172015-15,no,10,96,1789690387,0,1789690517,settlement,0.03,-9.63
KXBTC15M-26SEP172030-30,no,10,95,1789691112,100,1789691414,settlement,0.04,0.46
KXBTC15M-26SEP172115-15,yes,10,96,1789693962,0,1789694113,settlement,0.03,-9.63
KXBTC15M-26SEP172215-15,no,10,95,1789697451,0,1789697713,settlement,0.04,-9.54
KXBTC15M-26SEP172245-45,yes,10,95,1789699175,100,1789699516,settlement,0.04,0.46
KXBTC15M-26SEP172300-00,yes,10,95,1789700253,100,1789700413,settlement,0.04,0.46
KXBTC15M-26SEP180130-30,no,10,97,1789709224,0,1789709415,settlement,0.03,-9.73
KXBTC15M-26SEP180200-00,no,10,95,1789710936,100,1789711208,settlement,0.04,0.46
KXBTC15M-26SEP180430-30,yes,10,95,1789719833,100,1789720215,settlement,0.04,0.46
KXBTC15M-26SEP180515-15,yes,10,95,1789722583,100,1789722916,settlement,0.04,0.46
KXBTC15M-26SEP180545-45,no,10,95,1789724377,100,1789724709,settlement,0.04,0.46
KXBTC15M-26SEP180600-00,yes,10,97,1789725333,100,1789725605,settlement,0.03,0.27
KXBTC15M-26SEP180700-00,yes,10,96,1789728829,100,1789729211,settlement,0.03,0.37
KXBTC15M-26SEP180945-45,yes,10,95,1789738664,100,1789739107,settlement,0.04,0.46
KXBTC15M-26SEP181000-00,yes,10,96,1789739731,100,1789740013,settlement,0.03,0.37
KXBTC15M-26SEP181030-30,yes,10,97,1789741334,100,1789741816,settlement,0.03,0.27
KXBTC15M-26SEP181130-30,yes,10,96,1789745022,100,1789745404,settlement,0.03,0.37
KXBTC15M-26SEP181330-30,no,10,97,1789752259,100,1789752610,settlement,0.03,0.27
KXBTC15M-26SEP181400-00,yes,10,95,1789754123,100,1789754404,settlement,0.04,0.46
KXBTC15M-26SEP181545-45,no,10,95,1789760343,100,1789760715,settlement,0.04,0.46
KXBTC15M-26SEP181715-15,yes,10,96,1789765897,100,1789766108,settlement,0.03,0.37
KXBTC15M-26SEP181945-45,no,10,95,1789774886,100,1789775117,settlement,0.04,0.46
KXBTC15M-26SEP182030-30,yes,10,95,1789777565,100,1789777807,settlement,0.04,0.46
KXBTC15M-26SEP182045-45,yes,10,95,1789778280,100,1789778712,settlement,0.04,0.46
KXBTC15M-26SEP182145-45,no,10,95,1789782060,100,1789782311,settlement,0.04,0.46
KXBTC15M-26SEP182200-00,yes,10,95,1789782654,100,1789783217,settlement,0.04,0.46
KXBTC15M-26SEP182300-00,no,10,96,1789786696,100,1789786807,settlement,0.03,0.37
KXBTC15M-26SEP190030-30,no,10,95,1789791979,100,1789792210,settlement,0.04,0.46
KXBTC15M-26SEP190045-45,no,10,95,1789792704,100,1789793116,settlement,0.04,0.46
KXBTC15M-26SEP190115-15,yes,10,95,1789794487,100,1789794909,settlement,0.04,0.46
KXBTC15M-26SEP190245-45,yes,10,95,1789799967,100,1789800318,settlement,0.04,0.46
KXBTC15M-26SEP190315-15,yes,10,96,1789801789,100,1789802110,settlement,0.03,0.37
KXBTC15M-26SEP190330-30,no,10,96,1789802866,100,1789803007,settlement,0.03,0.37
KXBTC15M-26SEP190445-45,yes,10,97,1789807349,100,1789807510,settlement,0.03,0.27
KXBTC15M-26SEP190545-45,no,10,95,1789810723,100,1789811115,settlement,0.04,0.46
KXBTC15M-26SEP190645-45,no,10,95,1789814399,100,1789814710,settlement,0.04,0.46
KXBTC15M-26SEP190700-00,yes,10,96,1789815496,0,1789815607,settlement,0.03,-9.63
KXBTC15M-26SEP190715-15,yes,10,95,1789816141,100,1789816512,settlement,0.04,0.46
KXBTC15M-26SEP190845-45,yes,10,96,1789821721,100,1789821912,settlement,0.03,0.37
KXBTC15M-26SEP191030-30,yes,10,95,1789827858,100,1789828210,settlement,0.04,0.46
KXBTC15M-26SEP191115-15,yes,10,95,1789830549,100,1789830901,settlement,0.04,0.46
KXBTC15M-26SEP191145-45,yes,10,95,1789832434,100,1789832716,settlement,0.04,0.46
KXBTC15M-26SEP191200-00,no,10,96,1789833180,100,1789833612,settlement,0.03,0.37
KXBTC15M-26SEP191430-30,yes,10,97,1789842342,100,1789842613,settlement,0.03,0.27
KXBTC15M-26SEP191545-45,no,10,95,1789846775,100,1789847107,settlement,0.04,0.46
KXBTC15M-26SEP191615-15,yes,10,95,1789848618,100,1789848920,settlement,0.04,0.46
KXBTC15M-26SEP191630-30,no,10,95,1789849535,100,1789849816,settlement,0.04,0.46
KXBTC15M-26SEP191700-00,no,10,97,1789851197,100,1789851609,settlement,0.03,0.27
KXBTC15M-26SEP191800-00,yes,10,95,1789854784,100,1789855216,settlement,0.04,0.46
KXBTC15M-26SEP192230-30,no,10,95,1789871067,100,1789871419,settlement,0.04,0.46
KXBTC15M-26SEP192245-45,no,10,96,1789872055,100,1789872316,settlement,0.03,0.37
KXBTC15M-26SEP200000-00,yes,10,95,1789876510,100,1789876811,settlement,0.04,0.46
KXBTC15M-26SEP200130-30,no,10,95,1789881880,100,1789882202,settlement,0.04,0.46
KXBTC15M-26SEP200245-45,no,10,96,1789886524,100,1789886705,settlement,0.03,0.37
KXBTC15M-26SEP200530-30,yes,10,95,1789896189,100,1789896611,settlement,0.04,0.46
KXBTC15M-26SEP200545-45,yes,10,95,1789896954,100,1789897507,settlement,0.04,0.46
KXBTC15M-26SEP200600-00,no,10,97,1789898081,100,1789898413,settlement,0.03,0.27
KXBTC15M-26SEP200615-15,no,10,96,1789898938,100,1789899320,settlement,0.03,0.37
KXBTC15M-26SEP200900-00,yes,10,97,1789908898,100,1789909220,settlement,0.03,0.27
KXBTC15M-26SEP200915-15,yes,10,96,1789909654,100,1789910116,settlement,0.03,0.37
KXBTC15M-26SEP200945-45,no,10,96,1789911738,0,1789911909,settlement,0.03,-9.63
KXBTC15M-26SEP201045-45,yes,10,97,1789915287,100,1789915508,settlement,0.03,0.27
KXBTC15M-26SEP201115-15,yes,10,95,1789917000,100,1789917312,settlement,0.04,0.46
KXBTC15M-26SEP201145-45,yes,10,96,1789918793,100,1789919114,settlement,0.03,0.37
KXBTC15M-26SEP201345-45,yes,10,95,1789925920,100,1789926312,settlement,0.04,0.46
KXBTC15M-26SEP201515-15,yes,10,95,1789931423,100,1789931714,settlement,0.04,0.46
KXBTC15M-26SEP201545-45,yes,10,95,1789932975,100,1789933507,settlement,0.04,0.46
KXBTC15M-26SEP201645-45,no,10,95,1789936875,100,1789937106,settlement,0.04,0.46
KXBTC15M-26SEP201715-15,no,10,97,1789938568,100,1789938910,settlement,0.03,0.27
KXBTC15M-26SEP201800-00,yes,10,96,1789941440,100,1789941621,settlement,0.03,0.37
KXBTC15M-26SEP201830-30,no,10,95,1789943113,100,1789943415,settlement,0.04,0.46
KXBTC15M-26SEP201900-00,yes,10,97,1789945048,100,1789945209,settlement,0.03,0.27
KXBTC15M-26SEP202015-15,yes,10,95,1789949213,100,1789949706,settlement,0.04,0.46
KXBTC15M-26SEP202215-15,yes,10,95,1789956529,100,1789956901,settlement,0.04,0.46
KXBTC15M-26SEP202245-45,no,10,96,1789958373,100,1789958714,settlement,0.03,0.37
KXBTC15M-26SEP202330-30,yes,10,95,1789961073,100,1789961404,settlement,0.04,0.46
KXBTC15M-26SEP210130-30,yes,10,95,1789968196,100,1789968618,settlement,0.04,0.46
KXBTC15M-26SEP210230-30,yes,10,96,1789971812,100,1789972214,settlement,0.03,0.37
KXBTC15M-26SEP210300-00,yes,10,95,1789973404,100,1789974017,settlement,0.04,0.46
KXBTC15M-26SEP210330-30,yes,10,95,1789975398,100,1789975820,settlement,0.04,0.46
KXBTC15M-26SEP210415-15,yes,10,96,1789978038,100,1789978510,settlement,0.03,0.37
